{"is_source_file": true, "format": "bash", "description": "A shell script for detecting and backing up various types of databases (SQLite, PostgreSQL, MySQL, MongoDB). It automatically identifies the running database and creates appropriate backups, with status messages for each step.", "external_files": ["/usr/lib/postgresql/", "/var/lib/postgresql/", "/var/run/mysqld/mysqld.sock"], "external_methods": ["ls", "cp", "sudo -u postgres pg_isready", "pg_dump", "mysqladmin", "mysql", "mysqldump", "mongosh", "mongodump"], "published": [], "classes": [], "methods": [], "calls": ["ls", "cp", "sudo -u postgres pg_isready", "pg_dump", "mysqladmin ping", "mysql -h localhost -P ${DB_PORT} -u ${DB_USER} -p${DB_PASSWORD}", "mysqldump", "sudo mysql --socket=/var/run/mysqld/mysqld.sock", "mongosh --port ${DB_PORT} --eval \"db.adminCommand('ping')\"", "mongodump --port ${DB_PORT} --db ${DB_NAME} --archive=database_backup.archive --quiet"], "search-terms": ["backup_db.sh", "database backup shell script", "detect and backup database", "SQLite backup", "PostgreSQL backup", "MySQL backup", "MongoDB backup", "database detection", "database restore"], "state": 2, "file_id": 7, "knowledge_revision": 13, "git_revision": "7149ec41b4fd2ed7ee40a86c2262e2c9e0c12ede", "hash": "7af9aa35fa4940f934d83f6e2621b732", "format-version": 4, "code-base-name": "project_management_db", "filename": "project_management_db/backup_db.sh", "revision_history": [{"13": "7149ec41b4fd2ed7ee40a86c2262e2c9e0c12ede"}]}