{"is_source_file": true, "format": "HTML", "description": "This file is an HTML webpage that provides a user interface for visualizing and interacting with databases and their tables. It includes styling and Javascript code for dynamically fetching database data, displaying tables, and handling user interactions.", "external_files": [], "external_methods": [], "published": [], "classes": [], "methods": [{"name": "loadDatabases", "description": "Fetches the list of databases from the backend API and populates the sidebar with database items."}, {"name": "refreshDatabases", "description": "Refreshes the list of databases, re-fetching data from the API and updating the UI."}, {"name": "toggleDatabase", "description": "Expands or collapses the database's table list in the sidebar, loading tables on demand."}, {"name": "loadTables", "description": "Fetches and displays the list of tables for a selected database."}, {"name": "loadTableData", "description": "Fetches row data for a specific table and renders it in a scrollable HTML table."}, {"name": "renderTable", "description": "Constructs HTML for the data table showing rows and columns, including handling wide content and object formatting."}, {"name": "renderCell", "description": "Creates HTML for individual cell values, including handling nulls, objects, and long strings."}, {"name": "expandCell", "description": "Expands or collapses table cell contents for long text or objects, toggling between full and truncated views."}], "calls": ["/api/databases", "/api/${db}/tables", "/api/${db}/tables/${tableName}/data?limit=50", "fetch", "JSON.stringify", "JSON.parse"], "search-terms": ["Database Viewer", "index.html UI", "databases list", "tables list", "data table", "expand cell", "dynamic data fetch", "interactive HTML table"], "state": 2, "file_id": 5, "knowledge_revision": 14, "git_revision": "7149ec41b4fd2ed7ee40a86c2262e2c9e0c12ede", "hash": "ee63333a4841bf025439c755a74c9881", "format-version": 4, "code-base-name": "project_management_db", "filename": "project_management_db/db_visualizer/public/index.html", "revision_history": [{"14": "7149ec41b4fd2ed7ee40a86c2262e2c9e0c12ede"}]}