{"is_source_file": false, "format": "", "description": "", "external_files": [], "external_methods": [], "published": [], "classes": [], "methods": [], "calls": [], "search-terms": [], "state": 2, "file_id": 4, "knowledge_revision": 10, "git_revision": "7149ec41b4fd2ed7ee40a86c2262e2c9e0c12ede", "hash": "0c9f36dfd1a6dee9fa952c06ab7d9563", "format-version": 4, "code-base-name": "project_management_db", "filename": "project_management_db/db_visualizer/package.json", "revision_history": [{"10": "7149ec41b4fd2ed7ee40a86c2262e2c9e0c12ede"}]}