{"is_source_file": true, "format": "JavaScript", "description": "This file implements an Express.js server that provides a web interface and API endpoints for visualizing and interacting with multiple types of databases (PostgreSQL, MySQL, SQLite, MongoDB). It includes environment variable loading, database connection testing, and adapter classes for each database type, along with routing logic.", "external_files": ["path", "fs", "dotenv", "# (implied, since environment variables are loaded from files, but the code uses fs directly)"], "external_methods": ["require", "fs.existsSync", "fs.readFileSync"], "published": ["app"], "classes": [{"name": "DatabaseAdapter", "description": "Abstract base class for database adapters, defines common interface methods."}, {"name": "SQLAdapter", "description": "Abstract class for SQL-based database adapters, providing execute and query methods."}, {"name": "PostgresAdapter", "description": "Adapter class for PostgreSQL, implements execute using 'pg' module."}, {"name": "MySQLAdapter", "description": "Adapter class for MySQL, implements execute using 'mysql2/promise'."}, {"name": "SQLiteAdapter", "description": "Adapter class for SQLite, implements execute using 'sqlite3'."}, {"name": "MongoDBAdapter", "description": "Adapter class for MongoDB, uses 'mongodb' client for database interactions."}], "methods": [{"name": "loadEnvFiles()", "description": "Loads environment variables from .env files for different databases.", "scope": "", "scopeKind": ""}, {"name": "testConnections()", "description": "Tests connections to configured databases, reports status.", "scope": "", "scopeKind": ""}, {"name": "handleApiRequest(req, res, operation)", "description": "Generic function for handling API requests based on adapter and operation.", "scope": "", "scopeKind": ""}, {"name": "constructor(type, config)", "scope": "DatabaseAdapter", "scopeKind": "class", "description": "unavailable"}, {"name": "execute(query)", "scope": "SQLiteAdapter", "scopeKind": "class", "description": "unavailable"}, {"name": "formatTableResult(rows, columnName = 'table_name')", "scope": "DatabaseAdapter", "scopeKind": "class", "description": "unavailable"}, {"name": "getData(table, limit)", "scope": "SQLAdapter", "scopeKind": "class", "description": "unavailable"}, {"name": "getDataQuery(table, limit)", "scope": "SQLiteAdapter", "scopeKind": "class", "description": "unavailable"}, {"name": "getTableQuery()", "scope": "SQLiteAdapter", "scopeKind": "class", "description": "unavailable"}, {"name": "getTables()", "scope": "SQLAdapter", "scopeKind": "class", "description": "unavailable"}, {"name": "testConnection()", "scope": "SQLiteAdapter", "scopeKind": "class", "description": "unavailable"}, {"name": "withClient(callback)", "scope": "MongoDBAdapter", "scopeKind": "class", "description": "unavailable"}], "calls": ["require", "path.join", "fs.existsSync", "fs.readFileSync", "app.use", "app.get", "app.listen", "console.log", "console.error", "adapter.testConnection", "adapter.getTables", "adapter.getData"], "search-terms": ["server.js", "database adapters", "loadEnvFiles", "SQLAdapter", "MongoDBAdapter", "testConnections", "API routes", "database configuration", "Express middleware"], "state": 2, "file_id": 6, "knowledge_revision": 15, "git_revision": "7149ec41b4fd2ed7ee40a86c2262e2c9e0c12ede", "ctags": [{"_type": "tag", "name": "DatabaseAdapter", "path": "/home/kavia/workspace/code-generation/collaboratepro-311918-311928/project_management_db/db_visualizer/server.js", "pattern": "/^class DatabaseAdapter {$/", "language": "JavaScript", "kind": "class"}, {"_type": "tag", "name": "MongoDB", "path": "/home/kavia/workspace/code-generation/collaboratepro-311918-311928/project_management_db/db_visualizer/server.js", "pattern": "/^  MongoDB: 'MONGODB_URL, MONGODB_DB'$/", "language": "JavaScript", "kind": "property", "scope": "envInfo", "scopeKind": "class"}, {"_type": "tag", "name": "MongoDBAdapter", "path": "/home/kavia/workspace/code-generation/collaboratepro-311918-311928/project_management_db/db_visualizer/server.js", "pattern": "/^class MongoDBAdapter extends DatabaseAdapter {$/", "language": "JavaScript", "kind": "class"}, {"_type": "tag", "name": "MySQL", "path": "/home/kavia/workspace/code-generation/collaboratepro-311918-311928/project_management_db/db_visualizer/server.js", "pattern": "/^  MySQL: 'MYSQL_URL, MYSQL_USER, MYSQL_PASSWORD, MYSQL_DB, MYSQL_PORT',$/", "language": "JavaScript", "kind": "property", "scope": "envInfo", "scopeKind": "class"}, {"_type": "tag", "name": "MySQLAdapter", "path": "/home/kavia/workspace/code-generation/collaboratepro-311918-311928/project_management_db/db_visualizer/server.js", "pattern": "/^class MySQLAdapter extends SQLAdapter {$/", "language": "JavaScript", "kind": "class"}, {"_type": "tag", "name": "PORT", "path": "/home/kavia/workspace/code-generation/collaboratepro-311918-311928/project_management_db/db_visualizer/server.js", "pattern": "/^const PORT = process.env.PORT || 3000;$/", "language": "JavaScript", "kind": "constant"}, {"_type": "tag", "name": "PostgreSQL", "path": "/home/kavia/workspace/code-generation/collaboratepro-311918-311928/project_management_db/db_visualizer/server.js", "pattern": "/^  PostgreSQL: 'POSTGRES_URL, POSTGRES_USER, POSTGRES_PASSWORD, POSTGRES_DB, POSTGRES_PORT',$/", "language": "JavaScript", "kind": "property", "scope": "envInfo", "scopeKind": "class"}, {"_type": "tag", "name": "PostgresAdapter", "path": "/home/kavia/workspace/code-generation/collaboratepro-311918-311928/project_management_db/db_visualizer/server.js", "pattern": "/^class PostgresAdapter extends SQLAdapter {$/", "language": "JavaScript", "kind": "class"}, {"_type": "tag", "name": "SQLAdapter", "path": "/home/kavia/workspace/code-generation/collaboratepro-311918-311928/project_management_db/db_visualizer/server.js", "pattern": "/^class SQLAdapter extends DatabaseAdapter {$/", "language": "JavaScript", "kind": "class"}, {"_type": "tag", "name": "SQLite", "path": "/home/kavia/workspace/code-generation/collaboratepro-311918-311928/project_management_db/db_visualizer/server.js", "pattern": "/^  SQLite: 'SQLITE_DB',$/", "language": "JavaScript", "kind": "property", "scope": "envInfo", "scopeKind": "class"}, {"_type": "tag", "name": "SQLiteAdapter", "path": "/home/kavia/workspace/code-generation/collaboratepro-311918-311928/project_management_db/db_visualizer/server.js", "pattern": "/^class SQLiteAdapter extends SQLAdapter {$/", "language": "JavaScript", "kind": "class"}, {"_type": "tag", "name": "adapterClasses", "path": "/home/kavia/workspace/code-generation/collaboratepro-311918-311928/project_management_db/db_visualizer/server.js", "pattern": "/^const adapterClasses = {$/", "language": "JavaScript", "kind": "class"}, {"_type": "tag", "name": "app", "path": "/home/kavia/workspace/code-generation/collaboratepro-311918-311928/project_management_db/db_visualizer/server.js", "pattern": "/^const app = express();$/", "language": "JavaScript", "kind": "constant"}, {"_type": "tag", "name": "constructor", "path": "/home/kavia/workspace/code-generation/collaboratepro-311918-311928/project_management_db/db_visualizer/server.js", "pattern": "/^  constructor(type, config) {$/", "language": "JavaScript", "kind": "method", "signature": "(type, config)", "scope": "DatabaseAdapter", "scopeKind": "class"}, {"_type": "tag", "name": "database", "path": "/home/kavia/workspace/code-generation/collaboratepro-311918-311928/project_management_db/db_visualizer/server.js", "pattern": "/^    database: env.MONGODB_DB || 'test'$/", "language": "JavaScript", "kind": "property", "scope": "dbConfigBuilders.mongodb", "scopeKind": "class"}, {"_type": "tag", "name": "database", "path": "/home/kavia/workspace/code-generation/collaboratepro-311918-311928/project_management_db/db_visualizer/server.js", "pattern": "/^    database: env.MYSQL_DB || 'mysql'$/", "language": "JavaScript", "kind": "property", "scope": "dbConfigBuilders.mysql", "scopeKind": "class"}, {"_type": "tag", "name": "database", "path": "/home/kavia/workspace/code-generation/collaboratepro-311918-311928/project_management_db/db_visualizer/server.js", "pattern": "/^    database: env.POSTGRES_DB || 'postgres'$/", "language": "JavaScript", "kind": "property", "scope": "dbConfigBuilders.postgres", "scopeKind": "class"}, {"_type": "tag", "name": "dbConfigBuilders", "path": "/home/kavia/workspace/code-generation/collaboratepro-311918-311928/project_management_db/db_visualizer/server.js", "pattern": "/^const dbConfigBuilders = {$/", "language": "JavaScript", "kind": "class"}, {"_type": "tag", "name": "envInfo", "path": "/home/kavia/workspace/code-generation/collaboratepro-311918-311928/project_management_db/db_visualizer/server.js", "pattern": "/^const envInfo = {$/", "language": "JavaScript", "kind": "class"}, {"_type": "tag", "name": "execute", "path": "/home/kavia/workspace/code-generation/collaboratepro-311918-311928/project_management_db/db_visualizer/server.js", "pattern": "/^  async execute(query) {$/", "language": "JavaScript", "kind": "method", "signature": "(query)", "scope": "MySQLAdapter", "scopeKind": "class"}, {"_type": "tag", "name": "execute", "path": "/home/kavia/workspace/code-generation/collaboratepro-311918-311928/project_management_db/db_visualizer/server.js", "pattern": "/^  async execute(query) {$/", "language": "JavaScript", "kind": "method", "signature": "(query)", "scope": "PostgresAdapter", "scopeKind": "class"}, {"_type": "tag", "name": "execute", "path": "/home/kavia/workspace/code-generation/collaboratepro-311918-311928/project_management_db/db_visualizer/server.js", "pattern": "/^  async execute(query) {$/", "language": "JavaScript", "kind": "method", "signature": "(query)", "scope": "SQLAdapter", "scopeKind": "class"}, {"_type": "tag", "name": "execute", "path": "/home/kavia/workspace/code-generation/collaboratepro-311918-311928/project_management_db/db_visualizer/server.js", "pattern": "/^  execute(query) {$/", "language": "JavaScript", "kind": "method", "signature": "(query)", "scope": "SQLiteAdapter", "scopeKind": "class"}, {"_type": "tag", "name": "express", "path": "/home/kavia/workspace/code-generation/collaboratepro-311918-311928/project_management_db/db_visualizer/server.js", "pattern": "/^const express = require('express');$/", "language": "JavaScript", "kind": "constant"}, {"_type": "tag", "name": "formatTableResult", "path": "/home/kavia/workspace/code-generation/collaboratepro-311918-311928/project_management_db/db_visualizer/server.js", "pattern": "/^  formatTableResult(rows, columnName = 'table_name') {$/", "language": "JavaScript", "kind": "method", "signature": "(rows, columnName = 'table_name')", "scope": "DatabaseAdapter", "scopeKind": "class"}, {"_type": "tag", "name": "fs", "path": "/home/kavia/workspace/code-generation/collaboratepro-311918-311928/project_management_db/db_visualizer/server.js", "pattern": "/^const fs = require('fs');$/", "language": "JavaScript", "kind": "constant"}, {"_type": "tag", "name": "getData", "path": "/home/kavia/workspace/code-generation/collaboratepro-311918-311928/project_management_db/db_visualizer/server.js", "pattern": "/^  async getData(table, limit) {$/", "language": "JavaScript", "kind": "method", "signature": "(table, limit)", "scope": "DatabaseAdapter", "scopeKind": "class"}, {"_type": "tag", "name": "getData", "path": "/home/kavia/workspace/code-generation/collaboratepro-311918-311928/project_management_db/db_visualizer/server.js", "pattern": "/^  async getData(table, limit) {$/", "language": "JavaScript", "kind": "method", "signature": "(table, limit)", "scope": "MongoDBAdapter", "scopeKind": "class"}, {"_type": "tag", "name": "getData", "path": "/home/kavia/workspace/code-generation/collaboratepro-311918-311928/project_management_db/db_visualizer/server.js", "pattern": "/^  async getData(table, limit) {$/", "language": "JavaScript", "kind": "method", "signature": "(table, limit)", "scope": "SQLAdapter", "scopeKind": "class"}, {"_type": "tag", "name": "getDataQuery", "path": "/home/kavia/workspace/code-generation/collaboratepro-311918-311928/project_management_db/db_visualizer/server.js", "pattern": "/^  getDataQuery(table, limit) {$/", "language": "JavaScript", "kind": "method", "signature": "(table, limit)", "scope": "MySQLAdapter", "scopeKind": "class"}, {"_type": "tag", "name": "getDataQuery", "path": "/home/kavia/workspace/code-generation/collaboratepro-311918-311928/project_management_db/db_visualizer/server.js", "pattern": "/^  getDataQuery(table, limit) {$/", "language": "JavaScript", "kind": "method", "signature": "(table, limit)", "scope": "PostgresAdapter", "scopeKind": "class"}, {"_type": "tag", "name": "getDataQuery", "path": "/home/kavia/workspace/code-generation/collaboratepro-311918-311928/project_management_db/db_visualizer/server.js", "pattern": "/^  getDataQuery(table, limit) {$/", "language": "JavaScript", "kind": "method", "signature": "(table, limit)", "scope": "SQLAdapter", "scopeKind": "class"}, {"_type": "tag", "name": "getDataQuery", "path": "/home/kavia/workspace/code-generation/collaboratepro-311918-311928/project_management_db/db_visualizer/server.js", "pattern": "/^  getDataQuery(table, limit) {$/", "language": "JavaScript", "kind": "method", "signature": "(table, limit)", "scope": "SQLiteAdapter", "scopeKind": "class"}, {"_type": "tag", "name": "getTableQuery", "path": "/home/kavia/workspace/code-generation/collaboratepro-311918-311928/project_management_db/db_visualizer/server.js", "pattern": "/^  getTableQuery() {$/", "language": "JavaScript", "kind": "method", "signature": "()", "scope": "MySQLAdapter", "scopeKind": "class"}, {"_type": "tag", "name": "getTableQuery", "path": "/home/kavia/workspace/code-generation/collaboratepro-311918-311928/project_management_db/db_visualizer/server.js", "pattern": "/^  getTableQuery() {$/", "language": "JavaScript", "kind": "method", "signature": "()", "scope": "PostgresAdapter", "scopeKind": "class"}, {"_type": "tag", "name": "getTableQuery", "path": "/home/kavia/workspace/code-generation/collaboratepro-311918-311928/project_management_db/db_visualizer/server.js", "pattern": "/^  getTableQuery() {$/", "language": "JavaScript", "kind": "method", "signature": "()", "scope": "SQLAdapter", "scopeKind": "class"}, {"_type": "tag", "name": "getTableQuery", "path": "/home/kavia/workspace/code-generation/collaboratepro-311918-311928/project_management_db/db_visualizer/server.js", "pattern": "/^  getTableQuery() {$/", "language": "JavaScript", "kind": "method", "signature": "()", "scope": "SQLiteAdapter", "scopeKind": "class"}, {"_type": "tag", "name": "getTables", "path": "/home/kavia/workspace/code-generation/collaboratepro-311918-311928/project_management_db/db_visualizer/server.js", "pattern": "/^  async getTables() {$/", "language": "JavaScript", "kind": "method", "signature": "()", "scope": "DatabaseAdapter", "scopeKind": "class"}, {"_type": "tag", "name": "getTables", "path": "/home/kavia/workspace/code-generation/collaboratepro-311918-311928/project_management_db/db_visualizer/server.js", "pattern": "/^  async getTables() {$/", "language": "JavaScript", "kind": "method", "signature": "()", "scope": "MongoDBAdapter", "scopeKind": "class"}, {"_type": "tag", "name": "getTables", "path": "/home/kavia/workspace/code-generation/collaboratepro-311918-311928/project_management_db/db_visualizer/server.js", "pattern": "/^  async getTables() {$/", "language": "JavaScript", "kind": "method", "signature": "()", "scope": "SQLAdapter", "scopeKind": "class"}, {"_type": "tag", "name": "handleApiRequest", "path": "/home/kavia/workspace/code-generation/collaboratepro-311918-311928/project_management_db/db_visualizer/server.js", "pattern": "/^async function handleApiRequest(req, res, operation) {$/", "language": "JavaScript", "kind": "function", "signature": "(req, res, operation)"}, {"_type": "tag", "name": "host", "path": "/home/kavia/workspace/code-generation/collaboratepro-311918-311928/project_management_db/db_visualizer/server.js", "pattern": "/^    host: 'localhost',$/", "language": "JavaScript", "kind": "property", "scope": "dbConfigBuilders.mysql", "scopeKind": "class"}, {"_type": "tag", "name": "host", "path": "/home/kavia/workspace/code-generation/collaboratepro-311918-311928/project_management_db/db_visualizer/server.js", "pattern": "/^    host: 'localhost',$/", "language": "JavaScript", "kind": "property", "scope": "dbConfigBuilders.postgres", "scopeKind": "class"}, {"_type": "tag", "name": "loadEnvFiles", "path": "/home/kavia/workspace/code-generation/collaboratepro-311918-311928/project_management_db/db_visualizer/server.js", "pattern": "/^function loadEnvFiles() {$/", "language": "JavaScript", "kind": "function", "signature": "()"}, {"_type": "tag", "name": "mongodb", "path": "/home/kavia/workspace/code-generation/collaboratepro-311918-311928/project_management_db/db_visualizer/server.js", "pattern": "/^  mongodb: (env) => env.MONGODB_URL ? {$/", "language": "JavaScript", "kind": "class", "scope": "dbConfigBuilders", "scopeKind": "class"}, {"_type": "tag", "name": "mongodb", "path": "/home/kavia/workspace/code-generation/collaboratepro-311918-311928/project_management_db/db_visualizer/server.js", "pattern": "/^  mongodb: MongoDBAdapter$/", "language": "JavaScript", "kind": "property", "scope": "adapterClasses", "scopeKind": "class"}, {"_type": "tag", "name": "mysql", "path": "/home/kavia/workspace/code-generation/collaboratepro-311918-311928/project_management_db/db_visualizer/server.js", "pattern": "/^  mysql: (env) => env.MYSQL_URL ? {$/", "language": "JavaScript", "kind": "class", "scope": "dbConfigBuilders", "scopeKind": "class"}, {"_type": "tag", "name": "mysql", "path": "/home/kavia/workspace/code-generation/collaboratepro-311918-311928/project_management_db/db_visualizer/server.js", "pattern": "/^  mysql: MySQLAdapter,$/", "language": "JavaScript", "kind": "property", "scope": "adapterClasses", "scopeKind": "class"}, {"_type": "tag", "name": "mysql", "path": "/home/kavia/workspace/code-generation/collaboratepro-311918-311928/project_management_db/db_visualizer/server.js", "pattern": "/^const mysql = require('mysql2\\/promise');$/", "language": "JavaScript", "kind": "constant"}, {"_type": "tag", "name": "password", "path": "/home/kavia/workspace/code-generation/collaboratepro-311918-311928/project_management_db/db_visualizer/server.js", "pattern": "/^    password: env.MYSQL_PASSWORD || '',$/", "language": "JavaScript", "kind": "property", "scope": "dbConfigBuilders.mysql", "scopeKind": "class"}, {"_type": "tag", "name": "password", "path": "/home/kavia/workspace/code-generation/collaboratepro-311918-311928/project_management_db/db_visualizer/server.js", "pattern": "/^    password: env.POSTGRES_PASSWORD || '',$/", "language": "JavaScript", "kind": "property", "scope": "dbConfigBuilders.postgres", "scopeKind": "class"}, {"_type": "tag", "name": "path", "path": "/home/kavia/workspace/code-generation/collaboratepro-311918-311928/project_management_db/db_visualizer/server.js", "pattern": "/^  sqlite: (env) => env.SQLITE_DB ? { path: env.SQLITE_DB } : null,$/", "language": "JavaScript", "kind": "property", "scope": "dbConfigBuilders.sqlite", "scopeKind": "class"}, {"_type": "tag", "name": "path", "path": "/home/kavia/workspace/code-generation/collaboratepro-311918-311928/project_management_db/db_visualizer/server.js", "pattern": "/^const path = require('path');$/", "language": "JavaScript", "kind": "constant"}, {"_type": "tag", "name": "port", "path": "/home/kavia/workspace/code-generation/collaboratepro-311918-311928/project_management_db/db_visualizer/server.js", "pattern": "/^    port: env.MYSQL_PORT || 3306,$/", "language": "JavaScript", "kind": "property", "scope": "dbConfigBuilders.mysql", "scopeKind": "class"}, {"_type": "tag", "name": "port", "path": "/home/kavia/workspace/code-generation/collaboratepro-311918-311928/project_management_db/db_visualizer/server.js", "pattern": "/^    port: env.POSTGRES_PORT || 5432,$/", "language": "JavaScript", "kind": "property", "scope": "dbConfigBuilders.postgres", "scopeKind": "class"}, {"_type": "tag", "name": "postgres", "path": "/home/kavia/workspace/code-generation/collaboratepro-311918-311928/project_management_db/db_visualizer/server.js", "pattern": "/^  postgres: (env) => env.POSTGRES_URL ? {$/", "language": "JavaScript", "kind": "class", "scope": "dbConfigBuilders", "scopeKind": "class"}, {"_type": "tag", "name": "postgres", "path": "/home/kavia/workspace/code-generation/collaboratepro-311918-311928/project_management_db/db_visualizer/server.js", "pattern": "/^  postgres: PostgresAdapter,$/", "language": "JavaScript", "kind": "property", "scope": "adapterClasses", "scopeKind": "class"}, {"_type": "tag", "name": "sqlite", "path": "/home/kavia/workspace/code-generation/collaboratepro-311918-311928/project_management_db/db_visualizer/server.js", "pattern": "/^  sqlite: (env) => env.SQLITE_DB ? { path: env.SQLITE_DB } : null,$/", "language": "JavaScript", "kind": "class", "scope": "dbConfigBuilders", "scopeKind": "class"}, {"_type": "tag", "name": "sqlite", "path": "/home/kavia/workspace/code-generation/collaboratepro-311918-311928/project_management_db/db_visualizer/server.js", "pattern": "/^  sqlite: SQLiteAdapter,$/", "language": "JavaScript", "kind": "property", "scope": "adapterClasses", "scopeKind": "class"}, {"_type": "tag", "name": "sqlite3", "path": "/home/kavia/workspace/code-generation/collaboratepro-311918-311928/project_management_db/db_visualizer/server.js", "pattern": "/^const sqlite3 = require('sqlite3').verbose();$/", "language": "JavaScript", "kind": "constant"}, {"_type": "tag", "name": "testConnection", "path": "/home/kavia/workspace/code-generation/collaboratepro-311918-311928/project_management_db/db_visualizer/server.js", "pattern": "/^  async testConnection() {$/", "language": "JavaScript", "kind": "method", "signature": "()", "scope": "DatabaseAdapter", "scopeKind": "class"}, {"_type": "tag", "name": "testConnection", "path": "/home/kavia/workspace/code-generation/collaboratepro-311918-311928/project_management_db/db_visualizer/server.js", "pattern": "/^  async testConnection() {$/", "language": "JavaScript", "kind": "method", "signature": "()", "scope": "MongoDBAdapter", "scopeKind": "class"}, {"_type": "tag", "name": "testConnection", "path": "/home/kavia/workspace/code-generation/collaboratepro-311918-311928/project_management_db/db_visualizer/server.js", "pattern": "/^  async testConnection() {$/", "language": "JavaScript", "kind": "method", "signature": "()", "scope": "SQLAdapter", "scopeKind": "class"}, {"_type": "tag", "name": "testConnection", "path": "/home/kavia/workspace/code-generation/collaboratepro-311918-311928/project_management_db/db_visualizer/server.js", "pattern": "/^  async testConnection() {$/", "language": "JavaScript", "kind": "method", "signature": "()", "scope": "SQLiteAdapter", "scopeKind": "class"}, {"_type": "tag", "name": "testConnections", "path": "/home/kavia/workspace/code-generation/collaboratepro-311918-311928/project_management_db/db_visualizer/server.js", "pattern": "/^async function testConnections() {$/", "language": "JavaScript", "kind": "function", "signature": "()"}, {"_type": "tag", "name": "url", "path": "/home/kavia/workspace/code-generation/collaboratepro-311918-311928/project_management_db/db_visualizer/server.js", "pattern": "/^    url: env.MONGODB_URL,$/", "language": "JavaScript", "kind": "property", "scope": "dbConfigBuilders.mongodb", "scopeKind": "class"}, {"_type": "tag", "name": "user", "path": "/home/kavia/workspace/code-generation/collaboratepro-311918-311928/project_management_db/db_visualizer/server.js", "pattern": "/^    user: env.MYSQL_USER || 'root',$/", "language": "JavaScript", "kind": "property", "scope": "dbConfigBuilders.mysql", "scopeKind": "class"}, {"_type": "tag", "name": "user", "path": "/home/kavia/workspace/code-generation/collaboratepro-311918-311928/project_management_db/db_visualizer/server.js", "pattern": "/^    user: env.POSTGRES_USER || 'postgres',$/", "language": "JavaScript", "kind": "property", "scope": "dbConfigBuilders.postgres", "scopeKind": "class"}, {"_type": "tag", "name": "withClient", "path": "/home/kavia/workspace/code-generation/collaboratepro-311918-311928/project_management_db/db_visualizer/server.js", "pattern": "/^  async withClient(callback) {$/", "language": "JavaScript", "kind": "method", "signature": "(callback)", "scope": "MongoDBAdapter", "scopeKind": "class"}], "hash": "745023e15b83976a75e5d48c263a24b9", "format-version": 4, "code-base-name": "project_management_db", "filename": "project_management_db/db_visualizer/server.js", "fields": [{"name": "MongoDB: 'MONGODB_URL, MONGODB_DB'", "scope": "envInfo", "scopeKind": "class", "description": "unavailable"}, {"name": "MySQL: 'MYSQL_URL, MYSQL_USER, MYSQL_PASSWORD, MYSQL_DB, MYSQL_PORT',", "scope": "envInfo", "scopeKind": "class", "description": "unavailable"}, {"name": "PostgreSQL: 'POSTGRES_URL, POSTGRES_USER, POSTGRES_PASSWORD, POSTGRES_DB, POSTGRES_PORT',", "scope": "envInfo", "scopeKind": "class", "description": "unavailable"}, {"name": "SQLite: 'SQLITE_DB',", "scope": "envInfo", "scopeKind": "class", "description": "unavailable"}, {"name": "database: env.MONGODB_DB || 'test'", "scope": "dbConfigBuilders.mongodb", "scopeKind": "class", "description": "unavailable"}, {"name": "database: env.MYSQL_DB || 'mysql'", "scope": "dbConfigBuilders.mysql", "scopeKind": "class", "description": "unavailable"}, {"name": "database: env.POSTGRES_DB || 'postgres'", "scope": "dbConfigBuilders.postgres", "scopeKind": "class", "description": "unavailable"}, {"name": "host: 'localhost',", "scope": "dbConfigBuilders.mysql", "scopeKind": "class", "description": "unavailable"}, {"name": "mongodb: MongoDBAdapter", "scope": "adapterClasses", "scopeKind": "class", "description": "unavailable"}, {"name": "mysql: MySQLAdapter,", "scope": "adapterClasses", "scopeKind": "class", "description": "unavailable"}, {"name": "password: env.MYSQL_PASSWORD || '',", "scope": "dbConfigBuilders.mysql", "scopeKind": "class", "description": "unavailable"}, {"name": "password: env.POSTGRES_PASSWORD || '',", "scope": "dbConfigBuilders.postgres", "scopeKind": "class", "description": "unavailable"}, {"name": "sqlite: (env) => env.SQLITE_DB ? { path: env.SQLITE_DB } : null,", "scope": "dbConfigBuilders.sqlite", "scopeKind": "class", "description": "unavailable"}, {"name": "port: env.MYSQL_PORT || 3306,", "scope": "dbConfigBuilders.mysql", "scopeKind": "class", "description": "unavailable"}, {"name": "port: env.POSTGRES_PORT || 5432,", "scope": "dbConfigBuilders.postgres", "scopeKind": "class", "description": "unavailable"}, {"name": "postgres: PostgresAdapter,", "scope": "adapterClasses", "scopeKind": "class", "description": "unavailable"}, {"name": "sqlite: SQLiteAdapter,", "scope": "adapterClasses", "scopeKind": "class", "description": "unavailable"}, {"name": "url: env.MONGODB_URL,", "scope": "dbConfigBuilders.mongodb", "scopeKind": "class", "description": "unavailable"}, {"name": "user: env.MYSQL_USER || 'root',", "scope": "dbConfigBuilders.mysql", "scopeKind": "class", "description": "unavailable"}, {"name": "user: env.POSTGRES_USER || 'postgres',", "scope": "dbConfigBuilders.postgres", "scopeKind": "class", "description": "unavailable"}], "revision_history": [{"15": "7149ec41b4fd2ed7ee40a86c2262e2c9e0c12ede"}]}