{"is_source_file": true, "format": "bash", "description": "This script automates the restoration of various types of databases (SQLite, PostgreSQL, MySQL, MongoDB) by detecting available backup files and matching them to the running database engine on the server.", "external_files": ["database_backup.db", "database_backup.sql", "database_backup.archive"], "external_methods": ["ls", "cp", "echo", "sudo -u postgres pg_isready", "psql", "mysqladmin", "mysql", "mongosh", "mongorestore"], "published": [], "classes": [], "methods": [], "calls": ["ls", "cp", "echo", "sudo -u postgres pg_isready", "psql", "mysqladmin ping", "mysql", "mongosh --port", "mongosh --eval", "mongorestore --port"], "search-terms": ["restore_db.sh", "database_backup.db", "database_backup.sql", "database_backup.archive", "SQLite", "PostgreSQL", "MySQL", "MongoDB", "database restoration", "backup detection"], "state": 2, "file_id": 3, "knowledge_revision": 11, "git_revision": "7149ec41b4fd2ed7ee40a86c2262e2c9e0c12ede", "hash": "67505395c0df4c9c001ab8f47571f3fb", "format-version": 4, "code-base-name": "project_management_db", "filename": "project_management_db/restore_db.sh", "revision_history": [{"11": "7149ec41b4fd2ed7ee40a86c2262e2c9e0c12ede"}]}