{"is_source_file": true, "format": "bash", "description": "A shell script that initializes and starts a PostgreSQL database server, including setup of user, permissions, and environment variables.", "external_files": ["/usr/lib/postgresql/", "/var/lib/postgresql/data/PG_VERSION", "db_connection.txt", "db_visualizer/postgres.env"], "external_methods": ["ls", "sudo", "pg_isready", "pgrep", "psql", "initdb", "createdb", "cat"], "published": [], "classes": [], "methods": [], "calls": ["ls", "head", "sudo -u postgres pg_isready", "sudo -u postgres psql", "pgrep -f", "sleep", "sudo -u postgres initdb", "sudo -u postgres postgres", "sudo -u postgres createdb", "sudo -u postgres psql", "cat", "echo"], "search-terms": ["postgresql", "startup", "initialization", "database setup", "permissions", "bash script", "pg_isready", "initdb", "createdb", "postgreSQL version detection"], "state": 2, "file_id": 2, "knowledge_revision": 12, "git_revision": "7149ec41b4fd2ed7ee40a86c2262e2c9e0c12ede", "hash": "fa2aa67ea0a7c72f7c0958282f15a864", "format-version": 4, "code-base-name": "project_management_db", "filename": "project_management_db/startup.sh", "revision_history": [{"12": "7149ec41b4fd2ed7ee40a86c2262e2c9e0c12ede"}]}