{"is_source_file": false, "format": "", "description": "", "external_files": [], "external_methods": [], "published": [], "classes": [], "methods": [], "calls": [], "search-terms": ["collaboratepro", "README.md", "collaboratepro-311918-311928"], "state": 2, "file_id": 1, "knowledge_revision": 9, "git_revision": "5731a6810d2a183572e483b87c12dbd1f4b1c9de", "hash": "d134d45310a6828a595af68d4bfc5400", "format-version": 4, "code-base-name": "project_management_db", "filename": "README.md", "revision_history": [{"9": "5731a6810d2a183572e483b87c12dbd1f4b1c9de"}]}